id_cidade,pib_pc_2015,Perc_rec_ext_2015,receitas_realizadas_2014_x1000,despesas_realizadas_2014_x1000,Pop_econ_ativa_18_mais,Perc_ocupados_setor_agrop,Perc_ocupados_setor_comercio,Perc_ocupados_setor_construcao ,Perc_ocupados_setor_extr_mineral,Perc_ocup_setores_serv_ind_util_pub,Perc_ocupados_setor_servicos,Perc_ocupados_industria_transf,grau_formal_trab_pes_ocupadas,Perc_ocup_fund_comp,Perc_ocup_medio_comp,Perc_ocup_superior_comp,Atv_maior_valor,Atv_segmaior_valor,Atv_tercmaior,1atv_enc,2atv_enc,3atv_enc
5100102,10692.66,,,,1757,34.41,5.71,7.09,0.0,0.63,30.01,2.06,28.33,41.6,27.03,5.52,"Administração, educação, saúde, pesquisa e desenvolvimento públicas, defesa, seguridade social",Demais serviços,"Pecuária, inclusive apoio à pecuária",5,10,8
5100201,33899.29,67.3,71112.0,64021.0,9551,21.8,13.11,7.04,0.46,0.45,43.95,8.27,54.73,56.57,37.5,10.56,Demais serviços,Comércio e reparação de veículos automotores e motocicletas,"Agricultura, inclusive apoio à agricultura e a pós colheita",10,6,4
5100250,25230.96,,,,24365,21.63,17.2,7.18,0.53,0.42,37.7,7.98,56.06,56.36,37.54,9.5,Demais serviços,"Administração, educação, saúde, pesquisa e desenvolvimento públicas, defesa, seguridade social",Comércio e reparação de veículos automotores e motocicletas,10,5,6
5100300,45128.0,80.8,82862.0,68551.0,8010,17.28,11.54,7.36,0.45,1.35,41.63,8.48,58.66,58.37,43.2,11.85,Indústrias de transformação,Demais serviços,"Agricultura, inclusive apoio à agricultura e a pós colheita",1,10,4
5100359,13750.21,93.3,,,1912,38.95,12.79,5.11,0.0,0.6,36.29,3.24,41.58,53.66,33.92,8.43,"Administração, educação, saúde, pesquisa e desenvolvimento públicas, defesa, seguridade social",Demais serviços,"Agricultura, inclusive apoio à agricultura e a pós colheita",5,10,4
5100409,40553.27,83.2,29366.0,25493.0,5270,32.47,10.38,7.79,0.81,0.52,38.15,5.75,57.36,52.42,33.77,9.4,"Agricultura, inclusive apoio à agricultura e a pós colheita",Comércio e reparação de veículos automotores e motocicletas,Demais serviços,4,6,10
5100508,8345.24,87.3,18845.0,16630.0,3380,27.9,20.13,2.82,2.4,0.85,32.43,8.25,60.93,52.27,37.28,10.86,"Administração, educação, saúde, pesquisa e desenvolvimento públicas, defesa, seguridade social",Demais serviços,"Agricultura, inclusive apoio à agricultura e a pós colheita",5,10,4
5100607,97511.45,81.0,,,4136,10.88,8.26,8.65,0.57,0.06,38.59,7.34,72.4,51.59,35.49,9.23,"Agricultura, inclusive apoio à agricultura e a pós colheita",Comércio e reparação de veículos automotores e motocicletas,Demais serviços,4,6,10
5100805,14268.72,80.7,27874.0,23042.0,4310,37.84,12.2,4.53,3.8,0.0,27.7,8.11,39.53,44.95,25.39,4.75,"Administração, educação, saúde, pesquisa e desenvolvimento públicas, defesa, seguridade social",Demais serviços,"Pecuária, inclusive apoio à pecuária",5,10,8
5101001,20416.4,80.6,13745.0,11392.0,1478,46.27,8.75,2.75,0.65,1.29,34.69,2.86,54.67,48.3,30.87,9.87,"Pecuária, inclusive apoio à pecuária","Administração, educação, saúde, pesquisa e desenvolvimento públicas, defesa, seguridade social",Demais serviços,8,5,10
5101209,17367.56,97.4,,,500,27.19,2.32,1.89,0.0,0.22,60.76,2.15,57.97,58.41,45.09,12.72,"Administração, educação, saúde, pesquisa e desenvolvimento públicas, defesa, seguridade social","Pecuária, inclusive apoio à pecuária",Demais serviços,5,8,10
5101258,23089.34,82.4,37354.0,33038.0,7352,20.27,16.94,7.8,0.37,1.33,34.63,14.44,56.61,62.01,43.69,8.89,Demais serviços,"Administração, educação, saúde, pesquisa e desenvolvimento públicas, defesa, seguridade social",Indústrias de transformação,10,5,1
5101308,17571.18,88.0,,,5061,17.1,13.31,7.22,0.5,0.39,40.23,8.71,39.97,56.33,36.3,9.79,Demais serviços,"Administração, educação, saúde, pesquisa e desenvolvimento públicas, defesa, seguridade social",Comércio e reparação de veículos automotores e motocicletas,10,5,6
5101407,28733.64,80.1,58418.0,47424.0,6841,22.73,12.51,6.65,0.2,0.91,31.72,13.13,49.87,52.5,33.66,7.66,"Administração, educação, saúde, pesquisa e desenvolvimento públicas, defesa, seguridade social","Eletricidade e gás, água, esgoto, atividades de gestão de resíduos e descontaminação",Indústrias de transformação,5,9,1
5101605,10207.6,82.5,,,2443,60.84,4.11,1.76,0.0,1.24,25.7,0.98,54.97,33.31,20.98,4.05,"Administração, educação, saúde, pesquisa e desenvolvimento públicas, defesa, seguridade social","Pecuária, inclusive apoio à pecuária",Demais serviços,5,8,10
5101704,30768.9,76.2,,,14394,21.89,12.1,5.17,0.52,0.22,33.76,18.96,61.35,51.89,34.88,9.71,"Agricultura, inclusive apoio à agricultura e a pós colheita",Demais serviços,"Administração, educação, saúde, pesquisa e desenvolvimento públicas, defesa, seguridade social",4,10,5
5101803,26624.26,,,,24819,11.97,17.56,7.55,0.0,0.72,45.45,7.8,53.92,68.22,52.23,16.95,Demais serviços,"Administração, educação, saúde, pesquisa e desenvolvimento públicas, defesa, seguridade social",Comércio e reparação de veículos automotores e motocicletas,10,5,6
5101852,34507.52,,19860.0,18008.0,2377,44.21,10.81,10.71,0.51,0.12,26.4,1.62,36.89,46.18,25.64,5.72,"Agricultura, inclusive apoio à agricultura e a pós colheita","Administração, educação, saúde, pesquisa e desenvolvimento públicas, defesa, seguridade social",Demais serviços,4,5,10
5101902,35877.19,81.2,51405.0,45750.0,7454,36.04,11.07,6.92,0.0,2.03,28.76,7.14,55.11,48.18,27.57,5.39,"Agricultura, inclusive apoio à agricultura e a pós colheita",Demais serviços,"Administração, educação, saúde, pesquisa e desenvolvimento públicas, defesa, seguridade social",4,10,5
5102504,17077.52,,,,38587,14.08,16.28,7.22,0.28,0.64,45.3,7.22,54.43,60.61,44.92,11.9,Demais serviços,"Administração, educação, saúde, pesquisa e desenvolvimento públicas, defesa, seguridade social",Comércio e reparação de veículos automotores e motocicletas,10,5,6
5102603,13141.89,90.7,42030.0,35409.0,3948,49.67,6.83,4.63,0.18,0.0,28.34,2.16,25.58,36.38,21.58,5.13,"Administração, educação, saúde, pesquisa e desenvolvimento públicas, defesa, seguridade social",Demais serviços,"Pecuária, inclusive apoio à pecuária",5,10,8
5102637,65984.21,64.5,125760.0,97783.0,13921,22.91,14.16,7.93,0.15,0.78,32.13,13.27,74.75,58.55,37.22,11.32,"Agricultura, inclusive apoio à agricultura e a pós colheita",Comércio e reparação de veículos automotores e motocicletas,Demais serviços,4,6,10
5102678,50514.37,72.1,98847.0,86411.0,16930,28.82,14.97,7.61,0.71,0.41,32.6,8.6,62.34,60.0,39.44,11.02,"Agricultura, inclusive apoio à agricultura e a pós colheita",Demais serviços,Comércio e reparação de veículos automotores e motocicletas,4,10,6
5102686,158121.62,,,,2547,30.79,12.37,6.83,0.16,0.64,33.77,5.27,62.17,54.33,36.34,9.6,"Agricultura, inclusive apoio à agricultura e a pós colheita",Comércio e reparação de veículos automotores e motocicletas,Demais serviços,4,6,10
5102694,19532.86,92.6,14255.0,12349.0,2073,46.45,10.68,6.31,0.0,0.0,26.94,4.03,23.85,41.1,27.58,6.17,"Agricultura, inclusive apoio à agricultura e a pós colheita","Administração, educação, saúde, pesquisa e desenvolvimento públicas, defesa, seguridade social","Pecuária, inclusive apoio à pecuária",4,5,8
5102702,47876.06,75.2,,,9111,23.26,17.59,7.4,0.0,0.47,40.76,4.17,49.98,53.53,33.64,9.47,"Agricultura, inclusive apoio à agricultura e a pós colheita",Comércio e reparação de veículos automotores e motocicletas,Demais serviços,4,6,10
5102793,13261.31,85.2,26154.0,21100.0,5230,53.14,10.69,4.68,0.28,0.32,25.95,2.48,34.84,44.06,24.59,4.91,"Administração, educação, saúde, pesquisa e desenvolvimento públicas, defesa, seguridade social","Pecuária, inclusive apoio à pecuária",Demais serviços,5,8,10
5102850,14485.8,84.6,20526.0,17306.0,3829,47.57,7.83,4.49,0.0,0.0,29.71,3.71,30.45,42.04,26.07,4.7,"Administração, educação, saúde, pesquisa e desenvolvimento públicas, defesa, seguridade social","Pecuária, inclusive apoio à pecuária",Demais serviços,5,8,10
5103007,25362.14,,45302.0,42326.0,7886,26.1,11.11,8.81,0.43,0.75,41.28,2.91,42.48,50.8,35.5,9.21,"Administração, educação, saúde, pesquisa e desenvolvimento públicas, defesa, seguridade social",Demais serviços,"Agricultura, inclusive apoio à agricultura e a pós colheita",5,10,4
5103056,26538.78,61.4,30059.0,25819.0,5317,26.8,15.34,4.27,0.29,0.57,28.17,16.98,52.74,47.36,26.93,7.35,"Agricultura, inclusive apoio à agricultura e a pós colheita","Administração, educação, saúde, pesquisa e desenvolvimento públicas, defesa, seguridade social",Demais serviços,4,5,10
5103106,22915.45,,,,2659,37.34,11.93,2.17,2.84,0.43,36.26,4.54,42.23,45.67,27.72,8.16,"Pecuária, inclusive apoio à pecuária","Administração, educação, saúde, pesquisa e desenvolvimento públicas, defesa, seguridade social",Indústrias extrativas,8,5,2
5103205,24302.08,71.3,67768.0,57672.0,15276,20.25,16.72,6.43,0.48,0.74,34.51,10.15,51.55,50.68,34.69,9.45,Demais serviços,"Administração, educação, saúde, pesquisa e desenvolvimento públicas, defesa, seguridade social",Comércio e reparação de veículos automotores e motocicletas,10,5,6
5103254,11926.09,87.4,59201.0,51181.0,11962,34.46,13.97,3.32,0.66,0.08,24.58,7.94,26.97,39.05,19.98,3.96,"Administração, educação, saúde, pesquisa e desenvolvimento públicas, defesa, seguridade social",Demais serviços,Indústrias de transformação,5,10,1
5103304,23195.06,77.5,57935.0,48861.0,7779,28.07,15.39,6.86,0.71,1.26,38.55,5.1,51.7,53.0,33.94,8.28,"Administração, educação, saúde, pesquisa e desenvolvimento públicas, defesa, seguridade social",Demais serviços,"Agricultura, inclusive apoio à agricultura e a pós colheita",5,10,4
5103353,18269.62,84.5,55700.0,50157.0,10169,31.08,13.33,9.11,0.33,0.62,32.73,6.29,32.94,46.7,26.64,6.71,"Administração, educação, saúde, pesquisa e desenvolvimento públicas, defesa, seguridade social",Demais serviços,Comércio e reparação de veículos automotores e motocicletas,5,10,6
5103361,19014.28,82.8,,,1582,32.86,11.73,7.28,8.7,0.9,26.95,5.78,60.12,54.16,36.23,8.92,"Administração, educação, saúde, pesquisa e desenvolvimento públicas, defesa, seguridade social",Demais serviços,Comércio e reparação de veículos automotores e motocicletas,5,10,6
5103379,9705.97,87.0,,,6530,55.72,8.87,4.02,0.0,0.54,19.69,6.04,29.09,35.32,17.52,4.83,"Administração, educação, saúde, pesquisa e desenvolvimento públicas, defesa, seguridade social","Pecuária, inclusive apoio à pecuária",Demais serviços,5,8,10
5103403,36556.4,55.2,,,291703,2.4,17.2,7.69,0.31,1.07,54.71,6.45,65.63,75.13,57.68,21.17,Demais serviços,Comércio e reparação de veículos automotores e motocicletas,"Administração, educação, saúde, pesquisa e desenvolvimento públicas, defesa, seguridade social",10,6,5
5103437,22253.62,89.2,13890.0,11477.0,2077,33.79,11.74,4.95,0.0,0.15,25.99,20.39,40.07,46.11,29.89,6.5,"Administração, educação, saúde, pesquisa e desenvolvimento públicas, defesa, seguridade social","Agricultura, inclusive apoio à agricultura e a pós colheita",Demais serviços,5,4,10
5103452,43041.4,89.3,17228.0,14651.0,3828,24.25,8.16,4.6,0.0,0.74,30.46,29.02,64.05,49.28,30.51,6.0,"Agricultura, inclusive apoio à agricultura e a pós colheita","Administração, educação, saúde, pesquisa e desenvolvimento públicas, defesa, seguridade social",Demais serviços,4,5,10
5103502,75432.04,77.4,67172.0,54700.0,10593,22.71,11.37,7.79,0.44,0.52,38.47,9.62,54.99,55.97,39.06,13.19,"Agricultura, inclusive apoio à agricultura e a pós colheita",Comércio e reparação de veículos automotores e motocicletas,Demais serviços,4,6,10
5103601,35335.93,,,,3459,34.57,11.0,5.13,0.0,0.76,33.5,9.4,52.1,52.56,36.11,10.29,"Agricultura, inclusive apoio à agricultura e a pós colheita",Demais serviços,"Administração, educação, saúde, pesquisa e desenvolvimento públicas, defesa, seguridade social",4,10,5
5103700,27804.21,84.7,34403.0,28684.0,5045,34.93,13.24,4.19,0.09,0.14,33.42,10.05,46.04,48.19,28.83,6.39,"Agricultura, inclusive apoio à agricultura e a pós colheita","Administração, educação, saúde, pesquisa e desenvolvimento públicas, defesa, seguridade social",Demais serviços,4,5,10
5103809,15299.84,93.0,12607.0,10652.0,1701,45.47,8.49,5.4,0.0,0.24,32.53,4.77,47.57,49.94,30.88,6.08,"Administração, educação, saúde, pesquisa e desenvolvimento públicas, defesa, seguridade social","Pecuária, inclusive apoio à pecuária",Demais serviços,5,8,10
5103858,44305.14,76.7,,,2062,43.11,8.52,4.82,0.0,0.65,29.22,5.63,45.72,52.64,32.57,6.37,"Agricultura, inclusive apoio à agricultura e a pós colheita",Demais serviços,"Administração, educação, saúde, pesquisa e desenvolvimento públicas, defesa, seguridade social",4,10,5
5103908,34751.47,84.7,21146.0,17656.0,1976,41.77,7.09,7.67,0.0,0.65,36.71,2.66,42.31,53.04,31.6,10.74,"Agricultura, inclusive apoio à agricultura e a pós colheita","Administração, educação, saúde, pesquisa e desenvolvimento públicas, defesa, seguridade social",Demais serviços,4,5,10
5103957,22736.58,91.4,13345.0,10874.0,1390,41.91,7.78,3.83,0.47,0.27,36.49,7.84,44.03,46.73,31.9,7.51,"Administração, educação, saúde, pesquisa e desenvolvimento públicas, defesa, seguridade social","Agricultura, inclusive apoio à agricultura e a pós colheita","Pecuária, inclusive apoio à pecuária",5,4,8
5104104,17885.08,78.8,70360.0,64184.0,16160,29.92,16.49,6.96,0.68,0.7,34.78,5.07,42.1,51.73,32.45,7.14,"Administração, educação, saúde, pesquisa e desenvolvimento públicas, defesa, seguridade social",Demais serviços,Comércio e reparação de veículos automotores e motocicletas,5,10,6
5104203,19223.8,84.8,31433.0,27775.0,6456,34.04,9.12,5.58,0.53,0.76,36.19,4.37,45.45,48.51,32.6,7.1,"Agricultura, inclusive apoio à agricultura e a pós colheita","Administração, educação, saúde, pesquisa e desenvolvimento públicas, defesa, seguridade social",Demais serviços,4,5,10
5104500,18579.31,92.7,13583.0,11262.0,949,38.52,6.54,8.4,0.63,1.69,34.95,4.62,38.71,42.92,28.84,8.74,"Administração, educação, saúde, pesquisa e desenvolvimento públicas, defesa, seguridade social","Eletricidade e gás, água, esgoto, atividades de gestão de resíduos e descontaminação","Pecuária, inclusive apoio à pecuária",5,9,8
5104526,74458.5,79.7,33678.0,26134.0,2671,38.55,8.15,7.6,0.0,0.73,32.14,5.53,58.21,52.6,32.19,7.04,"Agricultura, inclusive apoio à agricultura e a pós colheita",Comércio e reparação de veículos automotores e motocicletas,Demais serviços,4,6,10
5104542,31636.36,88.6,16648.0,16499.0,2409,34.86,11.04,4.65,0.51,0.0,32.08,7.48,36.14,50.16,29.31,6.34,"Agricultura, inclusive apoio à agricultura e a pós colheita",Demais serviços,"Administração, educação, saúde, pesquisa e desenvolvimento públicas, defesa, seguridade social",4,10,5
5104559,38940.56,59.4,19665.0,16569.0,2087,34.63,9.53,4.15,1.47,0.25,36.06,8.68,47.65,48.4,31.81,7.83,"Agricultura, inclusive apoio à agricultura e a pós colheita",Demais serviços,"Administração, educação, saúde, pesquisa e desenvolvimento públicas, defesa, seguridade social",4,10,5
5104609,73519.78,77.6,64184.0,52819.0,5433,40.3,6.6,7.9,0.09,0.69,36.12,2.53,67.39,49.17,33.61,9.07,"Agricultura, inclusive apoio à agricultura e a pós colheita",Comércio e reparação de veículos automotores e motocicletas,Demais serviços,4,6,10
5104807,30830.5,70.2,64520.0,66925.0,12161,11.47,15.79,5.83,0.17,1.06,39.42,17.28,65.87,58.42,41.0,11.53,"Agricultura, inclusive apoio à agricultura e a pós colheita",Demais serviços,"Administração, educação, saúde, pesquisa e desenvolvimento públicas, defesa, seguridade social",4,10,5
5104906,28775.34,90.8,14903.0,13147.0,2211,32.01,12.2,8.24,0.0,0.27,30.94,7.17,46.63,43.65,26.21,5.46,"Agricultura, inclusive apoio à agricultura e a pós colheita",Indústrias de transformação,"Administração, educação, saúde, pesquisa e desenvolvimento públicas, defesa, seguridade social",4,1,5
5105002,25927.35,83.3,29226.0,25174.0,3603,38.19,11.51,6.65,0.29,1.76,34.23,3.77,42.85,45.12,31.92,7.86,"Eletricidade e gás, água, esgoto, atividades de gestão de resíduos e descontaminação","Administração, educação, saúde, pesquisa e desenvolvimento públicas, defesa, seguridade social",Demais serviços,9,5,10
5105101,20780.57,76.4,74009.0,63023.0,15426,28.02,14.46,7.35,0.05,0.28,33.14,10.5,48.88,46.84,26.71,6.21,Demais serviços,"Administração, educação, saúde, pesquisa e desenvolvimento públicas, defesa, seguridade social",Comércio e reparação de veículos automotores e motocicletas,10,5,6
5105150,21478.26,74.2,93318.0,78665.0,18783,26.29,14.86,6.09,0.98,0.51,35.95,7.96,47.66,50.7,34.42,8.38,Demais serviços,"Administração, educação, saúde, pesquisa e desenvolvimento públicas, defesa, seguridade social",Comércio e reparação de veículos automotores e motocicletas,10,5,6
5105176,11347.47,82.7,,,5089,35.1,10.06,6.95,0.0,0.48,29.25,7.99,45.49,42.86,27.47,4.03,"Administração, educação, saúde, pesquisa e desenvolvimento públicas, defesa, seguridade social",Demais serviços,"Pecuária, inclusive apoio à pecuária",5,10,8
5105200,21728.02,84.8,,,5293,26.03,10.78,4.91,0.0,1.49,36.23,11.39,56.21,50.92,32.18,7.63,"Agricultura, inclusive apoio à agricultura e a pós colheita","Administração, educação, saúde, pesquisa e desenvolvimento públicas, defesa, seguridade social",Demais serviços,4,5,10
5105234,34113.82,85.5,18559.0,16823.0,2372,22.43,5.28,2.73,0.0,0.15,23.65,18.86,67.9,38.01,26.53,3.94,"Agricultura, inclusive apoio à agricultura e a pós colheita","Administração, educação, saúde, pesquisa e desenvolvimento públicas, defesa, seguridade social",Demais serviços,4,5,10
5105259,51982.74,60.7,197891.0,178353.0,24918,12.82,16.77,8.8,0.13,0.41,37.19,17.8,75.09,66.89,47.45,10.57,Demais serviços,Comércio e reparação de veículos automotores e motocicletas,"Agricultura, inclusive apoio à agricultura e a pós colheita",10,6,4
5105309,11934.73,,,,818,24.04,6.37,4.12,0.0,0.26,47.74,2.57,22.34,61.01,48.79,11.38,"Administração, educação, saúde, pesquisa e desenvolvimento públicas, defesa, seguridade social",Demais serviços,"Pecuária, inclusive apoio à pecuária",5,10,8
5105580,21099.22,81.8,34490.0,28393.0,5530,29.16,16.06,3.53,0.0,0.44,32.32,10.81,42.24,49.87,26.32,6.82,"Administração, educação, saúde, pesquisa e desenvolvimento públicas, defesa, seguridade social","Agricultura, inclusive apoio à agricultura e a pós colheita",Demais serviços,5,4,10
5105606,36555.29,83.4,41786.0,38529.0,6830,26.2,15.23,5.96,2.51,0.6,34.27,10.67,45.96,53.76,35.6,9.03,Demais serviços,Comércio e reparação de veículos automotores e motocicletas,"Administração, educação, saúde, pesquisa e desenvolvimento públicas, defesa, seguridade social",10,6,5
5105622,22312.18,75.1,47752.0,43229.0,12201,15.3,14.8,5.23,0.3,0.46,38.65,14.61,62.24,54.07,34.14,8.75,Demais serviços,"Administração, educação, saúde, pesquisa e desenvolvimento públicas, defesa, seguridade social",Comércio e reparação de veículos automotores e motocicletas,10,5,6
5105903,30895.02,79.0,48123.0,42575.0,6567,16.57,11.2,6.63,5.56,0.08,38.64,7.84,52.4,55.49,38.83,8.91,Indústrias de transformação,Demais serviços,"Administração, educação, saúde, pesquisa e desenvolvimento públicas, defesa, seguridade social",1,10,5
5106000,15643.57,87.6,18969.0,17837.0,2905,29.02,8.72,6.61,1.22,0.49,35.7,7.82,48.18,59.64,43.24,13.72,"Administração, educação, saúde, pesquisa e desenvolvimento públicas, defesa, seguridade social","Agricultura, inclusive apoio à agricultura e a pós colheita",Demais serviços,5,4,10
5106109,13861.46,83.1,30372.0,26185.0,4613,41.7,5.77,2.07,2.55,0.76,22.11,3.48,32.08,38.33,21.82,5.61,"Administração, educação, saúde, pesquisa e desenvolvimento públicas, defesa, seguridade social",Demais serviços,"Agricultura, inclusive apoio à agricultura e a pós colheita",5,10,4
5106158,13787.23,93.1,28138.0,24753.0,4646,38.43,12.59,4.89,7.18,0.48,22.92,4.09,39.9,37.58,16.5,3.88,"Administração, educação, saúde, pesquisa e desenvolvimento públicas, defesa, seguridade social","Pecuária, inclusive apoio à pecuária",Demais serviços,5,8,10
5106208,14880.11,84.5,15617.0,12617.0,1624,38.97,11.71,4.62,0.17,0.47,35.88,3.18,41.12,49.2,31.09,10.92,"Administração, educação, saúde, pesquisa e desenvolvimento públicas, defesa, seguridade social","Pecuária, inclusive apoio à pecuária",Demais serviços,5,8,10
5106216,27095.32,67.1,36916.0,30404.0,5746,49.57,10.3,4.1,0.39,0.42,26.61,3.74,39.9,44.14,28.2,7.13,"Administração, educação, saúde, pesquisa e desenvolvimento públicas, defesa, seguridade social",Demais serviços,"Agricultura, inclusive apoio à agricultura e a pós colheita",5,10,4
5108808,15556.0,82.7,14898.0,11529.0,2250,49.65,9.65,5.61,0.87,0.59,30.24,2.4,33.11,46.95,30.39,6.18,"Administração, educação, saúde, pesquisa e desenvolvimento públicas, defesa, seguridade social","Pecuária, inclusive apoio à pecuária",Demais serviços,5,8,10
5106182,19112.67,81.9,27391.0,24055.0,2254,34.36,9.52,5.54,8.54,0.36,31.56,4.67,39.67,43.24,20.97,4.77,"Administração, educação, saúde, pesquisa e desenvolvimento públicas, defesa, seguridade social","Agricultura, inclusive apoio à agricultura e a pós colheita",Demais serviços,5,4,10
5108857,55179.62,85.7,15795.0,12985.0,1502,33.74,20.25,6.76,0.0,0.0,22.61,10.11,52.21,57.43,35.19,8.78,Indústrias de transformação,Demais serviços,"Agricultura, inclusive apoio à agricultura e a pós colheita",1,10,4
5108907,42900.58,85.6,,,3128,36.59,8.93,3.85,0.08,0.41,31.51,9.98,51.36,38.93,22.87,5.74,"Agricultura, inclusive apoio à agricultura e a pós colheita",Demais serviços,"Administração, educação, saúde, pesquisa e desenvolvimento públicas, defesa, seguridade social",4,10,5
5108956,17469.05,84.3,23324.0,20161.0,4024,33.78,10.03,4.81,0.26,0.45,30.54,8.64,40.66,44.89,25.76,7.53,"Administração, educação, saúde, pesquisa e desenvolvimento públicas, defesa, seguridade social",Demais serviços,"Pecuária, inclusive apoio à pecuária",5,10,8
5106224,64585.11,66.8,122384.0,114239.0,17637,20.13,12.53,7.81,0.41,0.23,33.7,14.05,72.1,61.06,40.02,11.44,"Agricultura, inclusive apoio à agricultura e a pós colheita",Comércio e reparação de veículos automotores e motocicletas,Demais serviços,4,6,10
5106174,15824.9,90.7,16163.0,16054.0,990,34.27,3.66,3.37,2.11,0.0,43.36,2.53,44.29,54.2,31.48,9.56,"Administração, educação, saúde, pesquisa e desenvolvimento públicas, defesa, seguridade social","Agricultura, inclusive apoio à agricultura e a pós colheita","Pecuária, inclusive apoio à pecuária",5,4,8
5106232,24421.79,73.2,51052.0,41015.0,8037,16.4,10.79,3.79,0.0,0.21,30.6,31.68,71.71,48.97,32.02,9.78,"Agricultura, inclusive apoio à agricultura e a pós colheita","Administração, educação, saúde, pesquisa e desenvolvimento públicas, defesa, seguridade social",Demais serviços,4,5,10
5106190,25642.86,79.6,15806.0,13175.0,1584,38.8,11.18,5.5,2.07,0.44,31.7,5.87,45.28,43.76,27.64,5.89,"Administração, educação, saúde, pesquisa e desenvolvimento públicas, defesa, seguridade social",Demais serviços,"Pecuária, inclusive apoio à pecuária",5,10,8
5106240,64835.38,82.3,42783.0,37368.0,4530,47.93,5.82,3.79,0.14,0.15,31.45,4.26,58.58,43.29,22.04,5.38,"Agricultura, inclusive apoio à agricultura e a pós colheita",Demais serviços,Comércio e reparação de veículos automotores e motocicletas,4,10,6
5106257,23665.55,,,,9456,30.24,14.52,6.79,0.48,0.36,34.02,7.61,44.71,52.59,34.74,8.48,Demais serviços,"Administração, educação, saúde, pesquisa e desenvolvimento públicas, defesa, seguridade social","Agricultura, inclusive apoio à agricultura e a pós colheita",10,5,4
5106273,13622.35,87.4,14527.0,12693.0,1970,55.43,6.28,2.23,0.0,0.0,21.76,9.04,32.94,36.38,22.95,5.45,"Administração, educação, saúde, pesquisa e desenvolvimento públicas, defesa, seguridade social","Pecuária, inclusive apoio à pecuária",Demais serviços,5,8,10
5106265,16555.22,89.2,23933.0,19478.0,3359,50.46,10.62,4.17,0.86,0.09,25.22,3.94,29.1,42.69,24.26,5.49,"Administração, educação, saúde, pesquisa e desenvolvimento públicas, defesa, seguridade social","Pecuária, inclusive apoio à pecuária","Agricultura, inclusive apoio à agricultura e a pós colheita",5,8,4
5106315,12805.54,,,,868,48.35,2.46,2.98,0.18,0.96,34.94,1.54,46.78,44.64,27.37,7.09,"Administração, educação, saúde, pesquisa e desenvolvimento públicas, defesa, seguridade social",Demais serviços,"Pecuária, inclusive apoio à pecuária",5,10,8
5106281,52895.19,86.7,,,2650,47.75,9.27,4.58,0.0,0.5,26.63,2.0,43.44,41.48,22.93,5.2,"Agricultura, inclusive apoio à agricultura e a pós colheita",Demais serviços,"Administração, educação, saúde, pesquisa e desenvolvimento públicas, defesa, seguridade social",4,10,5
5106299,65433.06,66.3,53941.0,46869.0,5139,49.35,13.76,3.35,0.59,0.4,26.26,4.49,36.61,42.87,26.92,4.87,Construção,Demais serviços,"Administração, educação, saúde, pesquisa e desenvolvimento públicas, defesa, seguridade social",3,10,5
5106307,30788.46,79.7,54382.0,48025.0,8330,26.73,8.0,3.89,1.47,0.36,30.7,10.84,53.74,49.14,27.35,6.19,"Agricultura, inclusive apoio à agricultura e a pós colheita",Demais serviços,"Administração, educação, saúde, pesquisa e desenvolvimento públicas, defesa, seguridade social",4,10,5
5106372,40011.13,87.4,,,6990,35.3,9.88,5.03,0.37,0.64,34.11,8.64,61.38,45.14,30.85,8.41,"Agricultura, inclusive apoio à agricultura e a pós colheita",Demais serviços,"Administração, educação, saúde, pesquisa e desenvolvimento públicas, defesa, seguridade social",4,10,5
5106422,11893.88,,63328.0,54956.0,13756,27.7,16.24,6.85,7.69,0.5,25.34,6.69,29.81,41.42,24.78,5.88,"Administração, educação, saúde, pesquisa e desenvolvimento públicas, defesa, seguridade social",Demais serviços,Comércio e reparação de veículos automotores e motocicletas,5,10,6
5106455,20204.23,91.8,,,1022,35.28,8.06,4.28,0.0,0.52,35.78,3.85,33.73,47.07,29.19,10.53,"Agricultura, inclusive apoio à agricultura e a pós colheita","Administração, educação, saúde, pesquisa e desenvolvimento públicas, defesa, seguridade social",Demais serviços,4,5,10
5106505,13656.18,,45771.0,50145.0,12447,21.88,11.89,5.67,5.66,0.46,33.14,5.6,40.97,48.78,30.68,9.14,"Administração, educação, saúde, pesquisa e desenvolvimento públicas, defesa, seguridade social",Demais serviços,"Pecuária, inclusive apoio à pecuária",5,10,8
5106653,11626.89,76.3,15753.0,14686.0,2675,24.32,11.37,5.75,2.33,0.96,46.77,5.7,50.92,62.46,39.81,11.52,"Administração, educação, saúde, pesquisa e desenvolvimento públicas, defesa, seguridade social",Demais serviços,"Pecuária, inclusive apoio à pecuária",5,10,8
5106703,17711.01,,,,742,34.82,11.29,2.74,0.79,0.87,44.65,3.81,42.73,54.94,37.91,9.61,"Administração, educação, saúde, pesquisa e desenvolvimento públicas, defesa, seguridade social",Demais serviços,"Pecuária, inclusive apoio à pecuária",5,10,8
5106752,26673.54,75.2,81701.0,75040.0,19479,18.45,20.5,8.74,3.63,0.71,38.37,5.52,52.01,54.88,35.95,9.86,Demais serviços,"Administração, educação, saúde, pesquisa e desenvolvimento públicas, defesa, seguridade social",Comércio e reparação de veículos automotores e motocicletas,10,5,6
5106778,14913.04,,,,4594,35.89,12.22,4.36,0.11,0.26,36.33,6.49,34.84,50.26,30.21,8.14,"Administração, educação, saúde, pesquisa e desenvolvimento públicas, defesa, seguridade social",Demais serviços,Comércio e reparação de veículos automotores e motocicletas,5,10,6
5106802,50887.64,76.7,23418.0,20147.0,2446,30.75,12.01,5.4,0.13,0.16,36.03,11.46,57.15,49.11,34.31,7.63,"Agricultura, inclusive apoio à agricultura e a pós colheita",Demais serviços,"Administração, educação, saúde, pesquisa e desenvolvimento públicas, defesa, seguridade social",4,10,5
5106828,15259.27,84.3,31988.0,31337.0,4351,40.15,8.23,7.1,0.63,0.62,30.66,3.95,40.89,44.15,28.82,6.18,"Administração, educação, saúde, pesquisa e desenvolvimento públicas, defesa, seguridade social","Pecuária, inclusive apoio à pecuária",Demais serviços,5,8,10
5106851,15588.44,85.1,13215.0,12429.0,1040,42.28,10.29,3.81,0.44,0.71,31.91,2.14,25.39,38.51,24.68,4.51,"Administração, educação, saúde, pesquisa e desenvolvimento públicas, defesa, seguridade social","Pecuária, inclusive apoio à pecuária",Demais serviços,5,8,10
5107008,29382.12,81.7,,,6838,43.29,9.36,3.54,1.97,0.45,32.98,2.79,48.91,48.01,30.82,7.16,"Agricultura, inclusive apoio à agricultura e a pós colheita","Pecuária, inclusive apoio à pecuária","Administração, educação, saúde, pesquisa e desenvolvimento públicas, defesa, seguridade social",4,8,5
5107040,54783.26,75.0,191294.0,171115.0,26920,16.74,17.71,7.88,0.52,0.49,43.45,6.73,64.56,66.19,45.47,13.44,Comércio e reparação de veículos automotores e motocicletas,Demais serviços,"Agricultura, inclusive apoio à agricultura e a pós colheita",6,10,4
5107065,75219.31,76.9,62217.0,54546.0,6484,28.59,12.08,6.66,0.84,0.0,35.63,3.84,46.42,51.92,31.46,6.97,"Agricultura, inclusive apoio à agricultura e a pós colheita",Comércio e reparação de veículos automotores e motocicletas,Demais serviços,4,6,10
5107156,75911.42,87.8,12100.0,9917.0,1150,38.31,7.01,6.64,0.0,0.84,37.52,5.86,41.93,59.77,27.7,9.84,"Produção florestal, pesca e aquicultura","Administração, educação, saúde, pesquisa e desenvolvimento públicas, defesa, seguridade social",Demais serviços,7,5,10
5107180,25840.16,,,,3901,35.41,12.5,5.53,0.0,0.0,32.96,4.09,36.95,45.62,29.07,6.05,"Agricultura, inclusive apoio à agricultura e a pós colheita","Administração, educação, saúde, pesquisa e desenvolvimento públicas, defesa, seguridade social",Demais serviços,4,5,10
5107198,36090.79,,,,1058,32.83,5.77,5.87,0.18,0.41,36.72,1.2,40.53,55.85,35.76,9.41,"Agricultura, inclusive apoio à agricultura e a pós colheita",Construção,"Administração, educação, saúde, pesquisa e desenvolvimento públicas, defesa, seguridade social",4,3,5
5107206,14045.72,83.0,16662.0,13997.0,2395,27.19,14.74,3.89,1.24,0.37,37.34,11.82,51.66,52.41,35.37,8.41,"Administração, educação, saúde, pesquisa e desenvolvimento públicas, defesa, seguridade social",Demais serviços,Comércio e reparação de veículos automotores e motocicletas,5,10,6
5107578,17130.87,96.0,16311.0,16207.0,1535,49.93,3.53,2.31,0.0,0.66,32.46,4.16,31.38,45.86,23.53,6.84,"Pecuária, inclusive apoio à pecuária","Administração, educação, saúde, pesquisa e desenvolvimento públicas, defesa, seguridade social",Indústrias de transformação,8,5,1
5107602,38817.83,57.7,579264.0,524876.0,100321,7.67,19.48,8.7,0.31,0.95,46.0,10.08,64.12,66.65,48.02,15.0,Demais serviços,Indústrias de transformação,Comércio e reparação de veículos automotores e motocicletas,10,1,6
5107701,15334.31,,,,8038,36.5,6.76,4.09,1.44,0.68,29.28,3.9,41.0,41.66,28.2,7.49,"Administração, educação, saúde, pesquisa e desenvolvimento públicas, defesa, seguridade social",Demais serviços,"Agricultura, inclusive apoio à agricultura e a pós colheita",5,10,4
5107750,15701.61,93.3,,,1618,46.67,7.39,5.68,1.03,0.12,32.19,3.11,41.33,47.59,31.21,7.27,"Administração, educação, saúde, pesquisa e desenvolvimento públicas, defesa, seguridade social","Pecuária, inclusive apoio à pecuária",Demais serviços,5,8,10
5107248,51003.81,82.1,18831.0,16434.0,1921,42.7,9.14,5.11,0.0,0.61,33.57,7.21,46.97,55.62,30.47,9.12,"Agricultura, inclusive apoio à agricultura e a pós colheita",Demais serviços,"Administração, educação, saúde, pesquisa e desenvolvimento públicas, defesa, seguridade social",4,10,5
5107743,31644.04,93.5,,,924,40.24,7.16,3.88,0.0,0.43,38.56,4.31,47.75,46.94,29.21,8.56,"Agricultura, inclusive apoio à agricultura e a pós colheita","Administração, educação, saúde, pesquisa e desenvolvimento públicas, defesa, seguridade social",Demais serviços,4,5,10
5107768,124957.69,85.6,22539.0,19212.0,1303,54.78,7.65,3.88,0.0,0.0,31.03,0.76,67.97,53.07,36.47,8.94,"Agricultura, inclusive apoio à agricultura e a pós colheita",Demais serviços,Comércio e reparação de veículos automotores e motocicletas,4,10,6
5107776,12447.75,81.0,,,2752,49.58,6.08,2.01,0.0,0.27,30.43,2.66,31.25,46.88,22.73,8.15,"Administração, educação, saúde, pesquisa e desenvolvimento públicas, defesa, seguridade social","Agricultura, inclusive apoio à agricultura e a pós colheita","Pecuária, inclusive apoio à pecuária",5,4,8
5107263,19219.11,94.8,,,1240,46.73,4.78,4.96,0.0,0.42,33.26,4.81,46.12,55.06,35.89,8.94,"Administração, educação, saúde, pesquisa e desenvolvimento públicas, defesa, seguridade social","Agricultura, inclusive apoio à agricultura e a pós colheita","Pecuária, inclusive apoio à pecuária",5,4,8
5107792,65413.13,84.1,20924.0,15105.0,1464,46.82,11.04,3.86,0.0,0.0,35.66,1.41,62.6,46.48,29.1,6.33,"Agricultura, inclusive apoio à agricultura e a pós colheita",Demais serviços,"Administração, educação, saúde, pesquisa e desenvolvimento públicas, defesa, seguridade social",4,10,5
5107800,23124.26,,,,7338,38.13,10.2,5.79,0.37,1.24,33.05,4.12,47.85,45.92,28.0,6.97,"Agricultura, inclusive apoio à agricultura e a pós colheita","Administração, educação, saúde, pesquisa e desenvolvimento públicas, defesa, seguridade social",Demais serviços,4,5,10
5107859,42470.7,,36903.0,31545.0,4210,30.92,10.76,4.94,0.22,0.23,39.83,3.35,39.62,52.05,33.58,10.32,"Agricultura, inclusive apoio à agricultura e a pós colheita",Demais serviços,"Administração, educação, saúde, pesquisa e desenvolvimento públicas, defesa, seguridade social",4,10,5
5107297,9825.77,85.8,,,1368,43.27,6.63,2.89,0.0,0.0,41.16,0.43,41.65,50.99,37.1,11.8,"Administração, educação, saúde, pesquisa e desenvolvimento públicas, defesa, seguridade social","Pecuária, inclusive apoio à pecuária",Demais serviços,5,8,10
5107305,27860.55,85.4,43145.0,37365.0,8455,31.17,10.87,4.48,0.23,0.14,31.94,13.73,58.61,43.43,26.59,7.62,"Agricultura, inclusive apoio à agricultura e a pós colheita",Demais serviços,"Administração, educação, saúde, pesquisa e desenvolvimento públicas, defesa, seguridade social",4,10,5
5107354,35923.14,88.9,19542.0,16539.0,2189,43.87,11.8,5.97,0.26,0.22,28.89,4.42,48.95,35.08,20.62,5.29,"Agricultura, inclusive apoio à agricultura e a pós colheita","Administração, educação, saúde, pesquisa e desenvolvimento públicas, defesa, seguridade social","Pecuária, inclusive apoio à pecuária",4,5,8
5107107,17917.02,85.1,39074.0,34764.0,8708,24.91,13.89,6.52,0.23,0.66,34.0,14.46,55.09,54.73,38.65,8.86,Demais serviços,"Administração, educação, saúde, pesquisa e desenvolvimento públicas, defesa, seguridade social",Indústrias de transformação,10,5,1
5107404,9714.54,82.5,11971.0,11022.0,1815,23.87,6.47,3.08,1.16,0.85,32.19,26.62,80.4,47.58,30.63,6.1,"Administração, educação, saúde, pesquisa e desenvolvimento públicas, defesa, seguridade social",Construção,Demais serviços,5,3,10
5107875,84328.92,,,,9443,31.1,13.82,5.92,0.43,0.68,33.57,6.63,75.97,60.15,39.32,10.07,"Agricultura, inclusive apoio à agricultura e a pós colheita",Comércio e reparação de veículos automotores e motocicletas,Demais serviços,4,6,10
5107883,15744.34,94.6,,,590,32.27,4.41,1.83,1.41,0.69,44.2,1.03,28.45,51.64,31.0,6.25,"Administração, educação, saúde, pesquisa e desenvolvimento públicas, defesa, seguridade social","Pecuária, inclusive apoio à pecuária",Demais serviços,5,8,10
5107909,34075.81,51.4,329015.0,258963.0,59699,13.53,21.67,9.12,0.36,0.69,40.06,10.64,64.36,62.2,44.03,11.98,Demais serviços,Comércio e reparação de veículos automotores e motocicletas,"Administração, educação, saúde, pesquisa e desenvolvimento públicas, defesa, seguridade social",10,6,5
5107925,57976.91,66.1,238118.0,204617.0,33848,15.75,15.02,11.41,0.31,0.45,43.12,6.56,63.1,56.89,36.07,11.09,Comércio e reparação de veículos automotores e motocicletas,Demais serviços,"Agricultura, inclusive apoio à agricultura e a pós colheita",6,10,4
5107941,35494.74,81.4,31725.0,26019.0,4622,37.71,11.15,4.95,0.0,0.14,29.47,8.62,46.01,48.78,27.01,5.21,"Agricultura, inclusive apoio à agricultura e a pós colheita",Demais serviços,"Administração, educação, saúde, pesquisa e desenvolvimento públicas, defesa, seguridade social",4,10,5
5107958,26327.27,62.3,200071.0,176653.0,41361,13.93,18.96,9.31,0.14,0.9,39.41,9.81,64.31,58.42,39.83,11.38,Demais serviços,"Administração, educação, saúde, pesquisa e desenvolvimento públicas, defesa, seguridade social",Comércio e reparação de veículos automotores e motocicletas,10,5,6
5108006,53987.21,76.9,,,4891,36.48,10.83,8.82,0.12,0.17,28.47,4.54,66.24,54.19,32.13,9.04,"Agricultura, inclusive apoio à agricultura e a pós colheita",Demais serviços,Comércio e reparação de veículos automotores e motocicletas,4,10,6
5108055,20654.04,84.3,30658.0,27718.0,6021,47.32,9.97,2.86,0.35,0.11,25.94,4.74,43.67,44.82,28.92,7.61,"Administração, educação, saúde, pesquisa e desenvolvimento públicas, defesa, seguridade social",Demais serviços,"Pecuária, inclusive apoio à pecuária",5,10,8
5108105,28419.65,89.4,,,1383,39.63,5.74,4.83,0.31,0.0,36.67,2.88,50.85,44.99,31.71,7.44,"Agricultura, inclusive apoio à agricultura e a pós colheita","Administração, educação, saúde, pesquisa e desenvolvimento públicas, defesa, seguridade social",Demais serviços,4,5,10
5108204,23237.63,,,,1716,36.96,7.67,6.98,0.6,0.86,37.43,1.02,49.24,60.4,39.76,11.31,"Administração, educação, saúde, pesquisa e desenvolvimento públicas, defesa, seguridade social",Demais serviços,"Agricultura, inclusive apoio à agricultura e a pós colheita",5,10,4
5108303,30348.95,90.0,16129.0,13719.0,1685,38.11,9.76,3.13,0.0,0.0,34.43,12.14,44.42,42.72,26.16,6.34,"Agricultura, inclusive apoio à agricultura e a pós colheita","Administração, educação, saúde, pesquisa e desenvolvimento públicas, defesa, seguridade social",Demais serviços,4,5,10
5108352,16597.41,93.9,13750.0,12202.0,1200,48.96,8.97,4.67,1.29,0.0,30.62,1.68,26.51,45.91,26.5,6.64,"Administração, educação, saúde, pesquisa e desenvolvimento públicas, defesa, seguridade social","Pecuária, inclusive apoio à pecuária",Demais serviços,5,8,10
5108402,23333.5,63.3,,,123271,2.77,18.97,8.18,0.43,0.91,45.66,10.24,62.06,66.3,46.01,10.05,Demais serviços,Comércio e reparação de veículos automotores e motocicletas,"Administração, educação, saúde, pesquisa e desenvolvimento públicas, defesa, seguridade social",10,6,5
5108501,36310.76,78.3,29679.0,30865.0,4630,36.05,10.86,4.49,0.0,0.32,32.5,9.17,55.78,47.63,24.89,5.95,"Agricultura, inclusive apoio à agricultura e a pós colheita",Demais serviços,"Administração, educação, saúde, pesquisa e desenvolvimento públicas, defesa, seguridade social",4,10,5
5105507,25195.42,76.4,54413.0,54264.0,5171,47.13,7.97,3.6,1.07,0.43,29.54,2.13,41.33,44.11,28.41,6.12,Indústrias extrativas,"Administração, educação, saúde, pesquisa e desenvolvimento públicas, defesa, seguridade social","Pecuária, inclusive apoio à pecuária",2,5,8
5108600,16092.39,77.9,45001.0,39209.0,9644,41.67,14.68,5.84,0.0,0.11,28.35,5.93,39.09,47.96,27.12,6.1,"Administração, educação, saúde, pesquisa e desenvolvimento públicas, defesa, seguridade social",Demais serviços,"Pecuária, inclusive apoio à pecuária",5,10,8
